month,season_theme,priority_categories,comparison_pages,product_groups,notes
1,新年・習慣化・乾燥対策,美容・フィットネス|AI・ガジェット,home-training-items-comparison|mens-skincare-starter-comparison|ai-tools-comparison,家トレ用品|メンズ保湿|AIツール,新習慣需要。過度な効果保証は禁止
2,花粉・乾燥・新生活準備,美容・フィットネス|季節・暮らし,mens-skincare-starter-comparison,メンズスキンケア|空気環境用品,医療・治療表現に注意
3,新生活・ガジェット買い替え,AI・ガジェット|季節・暮らし,fast-chargers-comparison|mobile-batteries-comparison,急速充電器|モバイルバッテリー|収納用品,新生活準備と相性
4,新生活本番・身だしなみ,美容・フィットネス|AI・ガジェット,mens-skincare-starter-comparison|fast-chargers-comparison,スキンケア|充電器|PC周辺機器,初心者向け比較が有効
5,暑さ準備・日差し対策,季節・暮らし|美容・フィットネス,heat-relief-items-comparison|mens-skincare-starter-comparison,携帯扇風機|日焼け止め|冷感用品,健康被害煽りを避ける
6,梅雨・部屋干し・湿気,季節・暮らし,heat-relief-items-comparison,除湿機|サーキュレーター|部屋干し用品,災害便乗ではなく生活改善
7,猛暑・外出対策,季節・暮らし,heat-relief-items-comparison,携帯扇風機|ネッククーラー|冷感寝具,体調不良の医療判断はしない
8,旅行・帰省・外出,AI・ガジェット|季節・暮らし,mobile-batteries-comparison|fast-chargers-comparison,モバイルバッテリー|充電器|旅行小物,持ち運び比較と相性
9,秋準備・生活見直し,AI・ガジェット|美容・フィットネス,ai-tools-comparison|home-training-items-comparison,AIツール|家トレ用品,習慣化・効率化
10,乾燥・秋冬準備,美容・フィットネス|季節・暮らし,mens-skincare-starter-comparison,保湿用品|生活家電,肌表現に注意
11,ブラックフライデー・年末準備,AI・ガジェット|季節・暮らし,ai-tools-comparison|fast-chargers-comparison|mobile-batteries-comparison,AIツール|ガジェット|生活用品,セール訴求は公式確認必須
12,年末整理・ギフト・防寒,季節・暮らし|AI・ガジェット,heat-relief-items-comparison|ai-tools-comparison,生活用品|ガジェット|ギフト候補,ランキング形式と相性
