offer_id,image_url,shop_name,min_price,review_count,review_average,score,updated_at
air_circulator_research,https://thumbnail.image.rakuten.co.jp/@0_mall/kadenrand/cabinet/11075038/12918368/imgrc0105977587.jpg?_ex=128x128,DENDEN,2981,2571,4.4,100,2026-06-30
cooling_bedding_research,https://thumbnail.image.rakuten.co.jp/@0_mall/aizu-corp/cabinet/26shingu/9817340_2026rank.jpg?_ex=128x128,アイズインテリアショップ,1390,4493,4.21,93,2026-06-30
portable_fan_research,https://thumbnail.image.rakuten.co.jp/@0_mall/premium-interior/cabinet/item/fan/lff-lafuture30_tum05.jpg?_ex=128x128,LFF PREMIUM,1980,4796,4.38,100,2026-06-30
usb_c_cable_research,https://thumbnail.image.rakuten.co.jp/@0_mall/cigar-shop/cabinet/10735994/11293345/29.jpg?_ex=128x128,TSUDOI 楽天市場店,150,9338,4.57,100,2026-06-30
usb_c_charger_multi_research,https://thumbnail.image.rakuten.co.jp/@0_mall/sunivision/cabinet/2026/imgrc0111968871.jpg?_ex=128x128,MSL FORCE公式楽天市場店,1000,615,4.61,100,2026-06-30
usb_c_charger_small_research,https://thumbnail.image.rakuten.co.jp/@0_mall/case-by-case/cabinet/08655288/10418282/12211884/imgrc0094269156.jpg?_ex=128x128,ケースbyケース,1090,7768,4.6,100,2026-06-30
mobile_battery_cable_built_in_research,https://thumbnail.image.rakuten.co.jp/@0_mall/corsage/cabinet/03257720/oshamoba/co_5000mini01.jpg?_ex=128x128,La Chou Chou,1280,7068,4.21,100,2026-06-30
mobile_battery_high_output_research,https://thumbnail.image.rakuten.co.jp/@0_mall/itoplus/cabinet/10002/10002-140_01.jpg?_ex=128x128,未来プラスショップ,1780,134,4.07,100,2026-06-30
mobile_battery_light_research,https://thumbnail.image.rakuten.co.jp/@0_mall/shimachan-store/cabinet/shimc168/first.jpg?_ex=128x128,島ちゃんストア 楽天市場店,980,10132,4.38,100,2026-06-30
protein_research,https://thumbnail.image.rakuten.co.jp/@0_mall/toyomarket/cabinet/campaign/nail/dp.jpg?_ex=128x128,VITAS 楽天市場店,5480,4777,4.78,100,2026-06-30
resistance_band_research,https://thumbnail.image.rakuten.co.jp/@0_mall/tkms/cabinet/12855415/12862747/imgrc0099549857.jpg?_ex=128x128,STEADY(ステディ),3490,2042,4.69,100,2026-06-30
training_mat_research,https://thumbnail.image.rakuten.co.jp/@0_mall/yiprefer/cabinet/tra/tra-003-renew_001.jpg?_ex=128x128,NeverChange楽天市場店,1650,10715,4.45,100,2026-06-30
mens_facewash_research,https://thumbnail.image.rakuten.co.jp/@0_mall/attenir/cabinet/thum/thum/159095_2402.jpg?_ex=128x128,アテニア公式ショップ 楽天市場店,1980,3531,4.72,100,2026-06-30
mens_moisturizer_research,https://thumbnail.image.rakuten.co.jp/@0_mall/renngekesyousui/cabinet/eg/thumb/renge_thumb1.jpg?_ex=128x128,れんげ研究所,1200,8893,4.74,100,2026-06-30
mens_sunscreen_research,https://thumbnail.image.rakuten.co.jp/@0_mall/larocheposay/cabinet/products/main/10419231/imgrc0137248590.jpg?_ex=128x128,ラ ロッシュ ポゼ 公式ショップ,3960,11257,4.69,100,2026-06-30
neck_cooler_research,https://thumbnail.image.rakuten.co.jp/@0_mall/cicibella-sports/cabinet/blq2024/new-old/top1.jpg?_ex=128x128,cicibella sports,398,5657,4.23,100,2026-06-30
sunshade_curtain_research,https://thumbnail.image.rakuten.co.jp/@0_mall/belltree/cabinet/08974827/film/kiyo-grs021_01.jpg?_ex=128x128,ベルツリー楽天市場店,980,1435,4.16,100,2026-06-30
charging_station_research,https://thumbnail.image.rakuten.co.jp/@0_mall/aidort/cabinet/450-499/477-zhu.jpg?_ex=128x128,愛度楽天市場店,1298,1531,4.46,100,2026-06-30
wireless_charger_research,https://thumbnail.image.rakuten.co.jp/@0_mall/3sense/cabinet/07835364/08407085/09242940/s0004.jpg?_ex=128x128,3SENSE/スリーセンス,990,4023,4.38,100,2026-06-30
large_capacity_battery_research,https://thumbnail.image.rakuten.co.jp/@0_mall/case-by-case/cabinet/08655288/09616085/12363017/imgrc0093368206.jpg?_ex=128x128,ケースbyケース,1560,29345,4.44,100,2026-06-30
magsafe_battery_research,https://thumbnail.image.rakuten.co.jp/@0_mall/zian/cabinet/08008953/10923087/imgrc0129809847.jpg?_ex=128x128,NEON モバイルバッテリー専門店,2200,997,4.53,100,2026-06-30
adjustable_dumbbell_research,https://thumbnail.image.rakuten.co.jp/@0_mall/h2brothers/cabinet/fitness/danberu-48kgns2.jpg?_ex=128x128,ONE STEP,9980,2742,4.69,100,2026-06-30
foam_roller_research,https://thumbnail.image.rakuten.co.jp/@0_mall/honest-online/cabinet/08451362/11400348/top-honest-foam2026.jpg?_ex=128x128,HONEST,3580,7546,4.6,100,2026-06-30
mens_all_in_one_research,https://thumbnail.image.rakuten.co.jp/@0_mall/lesthemo/cabinet/shg/gel500ref_03.jpg?_ex=128x128,ゲルクリームの【レステモ】,6700,11308,4.72,100,2026-06-30
mens_lip_balms_research,https://thumbnail.image.rakuten.co.jp/@0_mall/laneige-r/cabinet/event/12748972/imgrc0127113303.jpg?_ex=128x128,LANEIGE公式 楽天市場店,2365,1729,4.62,100,2026-06-30
ai_design_tool_research,https://thumbnail.image.rakuten.co.jp/@0_mall/auc-piudepiu/cabinet/touroku34/9633200c_1.jpg?_ex=128x128,Piudepiu,888,1533,4.84,100,2026-06-27
ai_meeting_tool_research,https://thumbnail.image.rakuten.co.jp/@0_mall/pocketalk/cabinet/shuppin3/4550483415700_main.jpg?_ex=128x128,ソースネクスト 公式ショップ,8580,18,4.28,100,2026-06-27
ai_voice_recorder_research,https://thumbnail.image.rakuten.co.jp/@0_mall/ysmya/cabinet/items-sync/2508-1/80001666-logo-r1.jpg?_ex=128x128,TOKAIZ Style,5980,711,4.23,100,2026-06-27
ai_writing_tool_research,https://thumbnail.image.rakuten.co.jp/@0_mall/auc-risukai/cabinet/12084940/1.jpg?_ex=128x128,RISUKAI,980,117,4.6,100,2026-06-27
smart_note_research,https://thumbnail.image.rakuten.co.jp/@0_mall/oobikiyaking/cabinet/ir13/1953_01_c.jpg?_ex=128x128,mitas ショップレビュー13万件,1000,23,4.43,100,2026-06-27
disaster_backpack_research,https://thumbnail.image.rakuten.co.jp/@0_mall/backyard/cabinet/main06/viaggio7077.jpg?_ex=128x128,BACKYARD FAMILY ママタウン,2140,835,4.37,100,2026-06-30
disaster_lantern_radio_research,https://thumbnail.image.rakuten.co.jp/@0_mall/peaceup/cabinet/item01/10001845-01.jpg?_ex=128x128,防災用品・災害対策 ピースアップ,865,20,4.7,100,2026-06-30
emergency_food_research,https://thumbnail.image.rakuten.co.jp/@0_mall/jyonetsubatake/cabinet/item/kome/keitaionigiri/1696-c1_m_r_rw.jpg?_ex=128x128,情熱畑 楽天市場店,2180,401,4.69,100,2026-06-30
emergency_toilet_research,https://thumbnail.image.rakuten.co.jp/@0_mall/h2brothers/cabinet/medical/portabletoilet01rr.jpg?_ex=128x128,ONE STEP,890,10584,4.56,100,2026-06-30
portable_power_station_research,https://thumbnail.image.rakuten.co.jp/@0_mall/ecoflow/cabinet/13481950/13481951/r2.jpg?_ex=128x128,EcoFlow公式楽天市場店,29900,853,4.65,100,2026-06-30
dehumidifier_laundry_research,https://thumbnail.image.rakuten.co.jp/@0_mall/3rwebshop/cabinet/hansoku/06957443/3r-hcd03-fd-item01a.jpg?_ex=128x128,スリーアールプラザ,1980,195,4.3,100,2026-06-30
electric_pressure_cooker_research,https://thumbnail.image.rakuten.co.jp/@0_mall/coconial/cabinet/commodity/l/lpct1201_d801.jpg?_ex=128x128,家電・便利雑貨のCOCONIAL,6990,202,4.47,100,2026-06-30
futon_dryer_research,https://thumbnail.image.rakuten.co.jp/@0_mall/marubi01/cabinet/mainimg/hgj-0720.jpg?_ex=128x128,marubi,7480,258,4.36,100,2026-06-30
garment_steamer_research,https://thumbnail.image.rakuten.co.jp/@0_mall/souyi-japan/cabinet/clv/clv049.jpg?_ex=128x128,souyi shop,1240,17,3.88,100,2026-06-27
robot_vacuum_research,https://thumbnail.image.rakuten.co.jp/@0_mall/tsukamotoaim/cabinet/item/lp/aim-rc32/imgrc0112594495.jpg?_ex=128x128,AiMY(エイミー)公式ストア,9800,1049,4.33,100,2026-06-30
compression_pouch_research,https://thumbnail.image.rakuten.co.jp/@0_mall/cole/cabinet/08669169/10361049/main-1.jpg?_ex=128x128,アウトドア専門店COLE,616,202,4.46,100,2026-06-30
neck_pillow_research,https://thumbnail.image.rakuten.co.jp/@0_mall/hitsumi/cabinet/imgrc0116037952.jpg?_ex=128x128,おしゃれ&便利グッズ通販 hitsumi,1000,1311,4.46,100,2026-06-30
security_pouch_research,https://thumbnail.image.rakuten.co.jp/@0_mall/griptone/cabinet/shohin24/gu1a036_01-mail.jpg?_ex=128x128,スーツケース旅行用品のグリプトン,348,2107,4.58,100,2026-06-30
suitcase_research,https://thumbnail.image.rakuten.co.jp/@0_mall/outlet-traveler/cabinet/sale/off_thumbnail/5082_thumb_v8.jpg?_ex=128x128,アウトレットトラベラー,4480,4356,4.57,100,2026-06-30
travel_charger_research,https://thumbnail.image.rakuten.co.jp/@0_mall/qisi/cabinet/item/08588773/09443929/4571552421903-pd_1.jpg?_ex=128x128,QISI楽天市場店,1000,2462,4.28,100,2026-06-30
blender_mixer_research,https://thumbnail.image.rakuten.co.jp/@0_mall/hotch-potch/cabinet/kago800_img1/00014805.jpg?_ex=128x128,ホッチポッチ自由が丘 WEB shop,9900,10703,4.71,100,2026-06-30
electric_kettle_research,https://thumbnail.image.rakuten.co.jp/@0_mall/plywood/cabinet/503/14949100.jpg?_ex=128x128,plywood キッチン・インテリア雑貨,14960,2065,4.76,100,2026-06-30
microwave_oven_research,https://thumbnail.image.rakuten.co.jp/@0_mall/kadenrand/cabinet/11075038/12918368/imgrc0106041871.jpg?_ex=128x128,DENDEN,7980,2369,4.36,100,2026-06-30
rice_cooker_research,https://thumbnail.image.rakuten.co.jp/@0_mall/enetroom/cabinet/eigyo/2511_569935.jpg?_ex=128x128,便利生活 マイルーム,11800,1550,4.23,100,2026-06-30
toaster_oven_research,https://thumbnail.image.rakuten.co.jp/@0_mall/e-goods/cabinet/th/aj_g13_th.jpg?_ex=128x128,インテリアショップe-goods,22220,2843,4.77,100,2026-06-30
air_purifier_research,https://thumbnail.image.rakuten.co.jp/@0_mall/tokado-tv/cabinet/syouhin/99/07078739/imgrc0080490504.jpg?_ex=128x128,トーカ堂TVショッピング楽天市場店,20980,8000,4.47,100,2026-06-30
ceramic_heater_research,https://thumbnail.image.rakuten.co.jp/@0_mall/dondon/cabinet/dyh01_2.jpg?_ex=128x128,モダンデコ,5999,14731,4.4,100,2026-06-30
cordless_vacuum_research,https://thumbnail.image.rakuten.co.jp/@0_mall/ueno-mono/cabinet/suiryu/suiryu/220529_sui.jpg?_ex=128x128,おしゃれx健康x時短家電 UENO-mono,5980,7842,4.56,100,2026-06-30
electric_fan_research,https://thumbnail.image.rakuten.co.jp/@0_mall/e-kurashi/cabinet/main-img/017/main-1467895tg.jpg?_ex=128x128,くらしのeショップ,4280,5053,4.5,100,2026-06-30
hair_dryer_research,https://thumbnail.image.rakuten.co.jp/@0_mall/mikirona/cabinet/10833005/3680.jpg?_ex=128x128,Mikirona,5980,7950,4.49,100,2026-06-30
body_trimmer_research,https://thumbnail.image.rakuten.co.jp/@0_mall/cloud-nine/cabinet/10856651/10903269/11302796/imgrc0102726259.jpg?_ex=128x128,CLOUD NINE,16480,605,4.66,100,2026-06-30
electric_shaver_research,https://thumbnail.image.rakuten.co.jp/@0_mall/cholylife/cabinet/07445707/08113736/z4-5b.gif?_ex=128x128,Choly Life,3980,15665,4.43,100,2026-06-30
hair_iron_research,https://thumbnail.image.rakuten.co.jp/@0_mall/tripleshop/cabinet/08373979/imgrc0125727913.jpg?_ex=128x128,triple shop,3260,2257,4.45,100,2026-06-30
hair_wax_research,https://thumbnail.image.rakuten.co.jp/@0_mall/retouch-tokyo/cabinet/12014691/12695562/imgrc0106058534.jpg?_ex=128x128,RETOUCH 公式ショップ,1980,577,4.68,100,2026-06-30
home_hair_removal_research,https://thumbnail.image.rakuten.co.jp/@0_mall/braun/cabinet/event/2606/0626/260626_5157_sale01.jpg?_ex=128x128,ブラウンビューティー公式ストア,94800,17180,4.41,100,2026-06-30
bcaa_research,https://thumbnail.image.rakuten.co.jp/@0_mall/valx/cabinet/tmb/p5/eaa9_pt5.jpg?_ex=128x128,VALX ONLINE STORE,4480,405,4.8,100,2026-06-30
creatine_research,https://thumbnail.image.rakuten.co.jp/@0_mall/beautyplus/cabinet/item/krea/kre_20220902.jpg?_ex=128x128,LEVEL【プロテイン EAA HMB】,2480,827,4.65,100,2026-06-30
eaa_research,https://thumbnail.image.rakuten.co.jp/@0_gold/toripurussss/product/eaa600/tm-2.jpg?_ex=128x128,フィジカルデザイン,3980,90,4.86,100,2026-06-30
glutamine_research,https://thumbnail.image.rakuten.co.jp/@0_mall/athlecheer/cabinet/09038646/imgrc0145810501.jpg?_ex=128x128,athlecheer楽天市場店,2870,675,4.73,100,2026-06-30
calcium_magnesium_research,https://thumbnail.image.rakuten.co.jp/@0_mall/afc/cabinet/itemimg_mitete/06961x01_r_img.jpg?_ex=128x128,品質本位の健康食品エーエフシー,1836,13238,4.35,100,2026-06-30
dietary_fiber_research,https://thumbnail.image.rakuten.co.jp/@0_mall/lohas-s/cabinet/shohin/fiber/kinousei_inuria/imgrc0076728978.jpg?_ex=128x128,MyLOHAS公式ストア,1120,6683,4.53,100,2026-06-30
lactic_acid_bacteria_research,https://thumbnail.image.rakuten.co.jp/@0_mall/afc/cabinet/itemimg_mitete/06961x03_r_img02.jpg?_ex=128x128,品質本位の健康食品エーエフシー,4860,8702,4.46,100,2026-06-30
multivitamin_research,https://thumbnail.image.rakuten.co.jp/@0_mall/babycresco/cabinet/ambique/ptotein/12407895/imgrc0134074862.jpg?_ex=128x128,SOLIA SHOP,5480,3822,4.77,100,2026-06-30
vitamin_c_research,https://thumbnail.image.rakuten.co.jp/@0_mall/oga/cabinet/abtest/241129_nb_03_rogo_03.jpg?_ex=128x128,サプリ専門店 オーガランド,1580,10335,4.39,100,2026-06-30
laptop_stand_research,https://thumbnail.image.rakuten.co.jp/@0_mall/selectshopcrea/cabinet/11115181/13511765/5.jpg?_ex=128x128,select shop crea,5299,3577,4.72,100,2026-06-30
pc_keyboard_research,https://thumbnail.image.rakuten.co.jp/@0_mall/livelylife/cabinet/a/a301769/a301769.jpg?_ex=128x128,Lively Life(ライブリーライフ),2780,5212,4.48,100,2026-06-30
usb_c_hub_research,https://thumbnail.image.rakuten.co.jp/@0_mall/aidort/cabinet/07716858/994a4-zhu.jpg?_ex=128x128,愛度楽天市場店,1980,1754,4.51,100,2026-06-30
webcam_research,https://thumbnail.image.rakuten.co.jp/@0_mall/habit-balance/cabinet/compass1669280976.jpg?_ex=128x128,ハビット楽天市場店,1480,332,4.28,100,2026-06-30
wireless_mouse_research,https://thumbnail.image.rakuten.co.jp/@0_mall/logicool/cabinet/expl/mice/m220gr/m220gr_s_.jpg?_ex=128x128,ロジクール 公式ストア,1420,1744,4.58,100,2026-06-30
decorte_loose_powder_research,https://thumbnail.image.rakuten.co.jp/@0_mall/cosmediva/cabinet/skuimage/topimage/01.jpg?_ex=128x128,COSME DIVA,4020,2341,4.6,100,2026-06-30
trend_cosmetics_alt_01,https://thumbnail.image.rakuten.co.jp/@0_mall/yayoi-cosme/cabinet/08015879/12843340/imgrc0122110044.jpg?_ex=128x128,コスメティック やよい,2860,73,4.9,100,2026-06-30
trend_cosmetics_alt_02,https://thumbnail.image.rakuten.co.jp/@0_mall/anuajapan/cabinet/12234868/imgrc0138152243.jpg?_ex=128x128,ANUA Official 楽天市場店,2950,558,4.48,100,2026-06-30
trend_cosmetics_alt_03,https://thumbnail.image.rakuten.co.jp/@0_mall/anuajapan/cabinet/12620784/imgrc0138152096.jpg?_ex=128x128,ANUA Official 楽天市場店,2300,39,4.54,100,2026-06-30
trend_cosmetics_alt_04,https://thumbnail.image.rakuten.co.jp/@0_mall/lululun-shop/cabinet/other/banner/13103548/imgrc0096040432.jpg?_ex=128x128,LuLuLun 楽天市場店,880,228,4.87,100,2026-06-30
trend_cosmetics_alt_05,https://thumbnail.image.rakuten.co.jp/@0_mall/maccosmetics/cabinet/pdp/thumb_01/60284.jpg?_ex=128x128,M・A・C 公式ショップ,4840,761,4.69,100,2026-06-30
trend_cosmetics_alt_07,https://thumbnail.image.rakuten.co.jp/@0_mall/laneige-r/cabinet/event/12748972/juicepopbox_0620.jpg?_ex=128x128,LANEIGE公式 楽天市場店,2310,24,4.54,100,2026-06-30
trend_cosmetics_alt_06,https://thumbnail.image.rakuten.co.jp/@0_mall/lululun-shop/cabinet/other/banner/13103548/op002_2603_rakuten.jpg?_ex=128x128,LuLuLun 楽天市場店,1771,1720,4.7,100,2026-06-30
disaster_preparedness_alt_01,https://thumbnail.image.rakuten.co.jp/@0_mall/dajie/cabinet/10598746/imgrc0114227486.jpg?_ex=128x128,スツーレ楽天市場店,3380,6521,4.64,100,2026-06-30
disaster_preparedness_alt_02,https://thumbnail.image.rakuten.co.jp/@0_mall/torreya-shop/cabinet/radio2/radiothumbnail.jpg?_ex=128x128,Torreya 楽天市場店,7280,4034,4.64,100,2026-06-30
disaster_preparedness_alt_03,https://thumbnail.image.rakuten.co.jp/@0_gold/bousaikan/img/477086.jpg?_ex=128x128,あんしんの殿堂防災館,5076,4334,4.6,100,2026-06-30
fitness_supplements_alt_01,https://thumbnail.image.rakuten.co.jp/@0_mall/lohas-s/cabinet/shohin/lohasports/08911390/imgrc0083628002.jpg?_ex=128x128,MyLOHAS公式ストア,5580,1670,4.54,100,2026-06-30
fitness_supplements_alt_02,https://thumbnail.image.rakuten.co.jp/@0_mall/xtend/cabinet/item/00_multi/mlt_1nb-sv-00029.jpg?_ex=128x128,SCIVATION XTEND,7500,1228,4.3,100,2026-06-30
fitness_supplements_alt_03,https://thumbnail.image.rakuten.co.jp/@0_mall/beautyplus/cabinet/item/hmb/hmbkre.jpg?_ex=128x128,LEVEL【プロテイン EAA HMB】,3280,521,4.63,100,2026-06-30
hair_grooming_alt_01,https://thumbnail.image.rakuten.co.jp/@0_mall/milicute-himawari/cabinet/10096580/8605x-2975-1.jpg?_ex=128x128,mili cute アクア,3275,10272,4.35,100,2026-06-30
hair_grooming_alt_02,https://thumbnail.image.rakuten.co.jp/@0_mall/mrock/cabinet/k/20260121kenon.jpg?_ex=128x128,エムロック楽天市場店,79800,198125,4.33,100,2026-06-30
hair_grooming_alt_03,https://thumbnail.image.rakuten.co.jp/@0_mall/toplus/cabinet/dailymain/hd002003004_main.jpg?_ex=128x128,ADORIC BEAUTY 【公式】楽天市場店,4980,2196,4.28,100,2026-06-30
health_support_supplements_alt_01,https://thumbnail.image.rakuten.co.jp/@0_mall/seedcoms/cabinet/images/thum/1m/mvm_1m.jpg?_ex=128x128,サプリ専門SHOP シードコムス,890,7601,4.57,100,2026-06-30
health_support_supplements_alt_02,https://thumbnail.image.rakuten.co.jp/@0_mall/kyowashokken/cabinet/06348349/imgrc0080567033.jpg?_ex=128x128,協和食研 楽天市場店,1000,8464,4.46,100,2026-06-30
health_support_supplements_alt_03,https://thumbnail.image.rakuten.co.jp/@0_mall/oga/cabinet/item_img/shohin/241129_vc_3_03.jpg?_ex=128x128,サプリ専門店 オーガランド,1400,5716,4.62,100,2026-06-30
heat_relief_alt_01,https://thumbnail.image.rakuten.co.jp/@0_mall/dondon/cabinet/cm_90-140-4.jpg?_ex=128x128,モダンデコ,4990,18311,4.45,100,2026-06-30
heat_relief_alt_02,https://thumbnail.image.rakuten.co.jp/@0_mall/dondon/cabinet/yy02_14.jpg?_ex=128x128,モダンデコ,4980,11125,4.43,100,2026-06-30
heat_relief_alt_03,https://thumbnail.image.rakuten.co.jp/@0_mall/yumenomori/cabinet/bh28f/h28zt_5se.jpg?_ex=128x128,夢の森,2980,9131,4.45,100,2026-06-30
home_training_alt_01,https://thumbnail.image.rakuten.co.jp/@0_mall/lively777/cabinet/uyjiazhu/2025/2025top.jpg?_ex=128x128,ライブリー,1880,7723,4.56,100,2026-06-30
home_training_alt_02,https://thumbnail.image.rakuten.co.jp/@0_mall/dabada/cabinet/04904787/10mm/yoga-mat10_tmb1.jpg?_ex=128x128,DABADAストア 楽天市場店,2198,12599,4.32,100,2026-06-30
home_training_alt_03,https://thumbnail.image.rakuten.co.jp/@0_mall/honest-online/cabinet/08451362/09509754/main-2.jpg?_ex=128x128,HONEST,1980,2441,4.57,100,2026-06-30
home_training_alt_04,https://thumbnail.image.rakuten.co.jp/@0_mall/lysin/cabinet/product4/fb32i_sku0001.jpg?_ex=128x128,ライシン 楽天市場店,37400,1202,4.83,100,2026-06-30
housework_timesaving_alt_01,https://thumbnail.image.rakuten.co.jp/@0_mall/roomy/cabinet/500cart_all/500cart_11g/p10n-4/pmz2041-mt016-1_gt01.jpg?_ex=128x128,インテリアショップ roomy,9900,9680,4.46,100,2026-06-30
housework_timesaving_alt_02,https://thumbnail.image.rakuten.co.jp/@0_mall/airrobo/cabinet/09562581/2023/p20.jpg?_ex=128x128,エアロボ楽天市場店,13990,3836,4.6,100,2026-06-30
housework_timesaving_alt_03,https://thumbnail.image.rakuten.co.jp/@0_mall/eleking/cabinet/wh23/imgrc0118394307.jpg?_ex=128x128,OA’Z,9980,3509,4.47,100,2026-06-30
kitchen_appliances_alt_01,https://thumbnail.image.rakuten.co.jp/@0_mall/hotch-potch/cabinet/kago_img11/00014257.jpg?_ex=128x128,ホッチポッチ自由が丘 WEB shop,13200,15472,4.68,100,2026-06-30
kitchen_appliances_alt_02,https://thumbnail.image.rakuten.co.jp/@0_mall/tiger-online/cabinet/kae-g13n_ra251009.jpg?_ex=128x128,タイガー魔法瓶 楽天市場店,7480,3804,4.47,100,2026-06-30
kitchen_appliances_alt_03,https://thumbnail.image.rakuten.co.jp/@0_mall/latuna/cabinet/items/08081124/kettle_top240712new.jpg?_ex=128x128,ラチュナ キングジム直営店,3490,3297,4.39,100,2026-06-30
living_appliances_alt_01,https://thumbnail.image.rakuten.co.jp/@0_mall/gbt-dko/cabinet/thum/x28853r.jpg?_ex=128x128,ダイコン卸 直販部,5980,6393,4.5,100,2026-06-30
living_appliances_alt_02,https://thumbnail.image.rakuten.co.jp/@0_mall/a-price/cabinet/mailmaga/08814302/12654252/imgrc0116015580.jpg?_ex=128x128,XPRICE楽天市場店,22750,4217,4.6,100,2026-06-30
living_appliances_alt_03,https://thumbnail.image.rakuten.co.jp/@0_mall/enterb/cabinet/product/hw-g1/zz.jpg?_ex=128x128,Enterbox,3277,6687,4.35,100,2026-06-30
pc_accessories_alt_01,https://thumbnail.image.rakuten.co.jp/@0_mall/zuttonezutto/cabinet/12441190/12441196/0035rakuten.jpg?_ex=128x128,Zutto NE Zutto 楽天市場店,1320,2232,4.5,100,2026-06-30
pc_accessories_alt_02,https://thumbnail.image.rakuten.co.jp/@0_mall/yumenomori/cabinet/s9s3/s3mzt.jpg?_ex=128x128,夢の森,1780,3679,4.23,100,2026-06-30
pc_accessories_alt_03,https://thumbnail.image.rakuten.co.jp/@0_mall/ezone/cabinet/0660/100676-m1.jpg?_ex=128x128,e-zone,2980,1428,4.54,100,2026-06-30
skincare_basics_alt_01,https://thumbnail.image.rakuten.co.jp/@0_mall/lesthemo/cabinet/shg/gel500set_02_p10.jpg?_ex=128x128,ゲルクリームの【レステモ】,7500,11516,4.55,100,2026-06-30
skincare_basics_alt_02,https://thumbnail.image.rakuten.co.jp/@0_mall/the-beautopia/cabinet/item/lovme/silky_uv/imgrc0127171164.jpg?_ex=128x128,The BEAUTOPIA,3080,3595,4.85,100,2026-06-30
skincare_basics_alt_03,https://thumbnail.image.rakuten.co.jp/@0_mall/luire/cabinet/plus04/rtmist-2_01.jpg?_ex=128x128,プリュ公式ショップ 楽天市場店,6480,7666,4.4,100,2026-06-30
travel_outdoor_alt_01,https://thumbnail.image.rakuten.co.jp/@0_mall/fkikaku/cabinet/03290362/imgrc0106465346.jpg?_ex=128x128,スーツケース専門店FKIKAKU,16980,13748,4.46,100,2026-06-30
travel_outdoor_alt_02,https://thumbnail.image.rakuten.co.jp/@0_mall/eunicedress/cabinet/item6/passbook-case.jpg?_ex=128x128,京童工房(きょうわらべこうぼう),1962,4605,4.6,100,2026-06-30
travel_outdoor_alt_03,https://thumbnail.image.rakuten.co.jp/@0_mall/aidort/cabinet/06553239/539a1-zhu.jpg?_ex=128x128,愛度楽天市場店,1280,6866,4.37,100,2026-06-30
